Query 序号,Query 简写,retrieval_top1_hit,retrieval_top3_hit,answer_correct,answer_grounded,answer_complete,hallucination,备注（关键问题点）
1,OpenGauss role in RetrievalQA,1,1,1,2,1,0,答案截断，只提 storing，未覆盖完整定义
2,Why divide long documents,1,1,1,2,1,0,答案极简“To be embedded directly”，缺失原因
3,Two embedding sources,0,0,0,0,0,1,答案无关（document chunking...），有幻觉
4,BentoML role,1,1,1,2,1,0,答案偏短，未提 package logic 全貌
5,Why RK3568 resource-constrained,1,1,0,1,0,0,答案错位，只说 real-world constraints
6,Tasks on stronger machine,0,1,0,1,0,0,答案反向（说 edge 做什么），严重错位
7,Differences HF vs Cohere,1,1,2,2,2,0,检索+生成完美，直接命中核心对比
8,Why separate retrieval & generation eval,1,1,1,2,1,0,答案只提 retrieval eval，未解释 why
9,Dimensions for best-practice,0,1,0,1,0,0,答案“chunking strategy”太泛，无实质
10,Recommended minimal for RK3568,0,0,0,0,0,0,答案“stable”无意义
11,Metadata fields recommended,0,0,0,0,0,0,"答案“HuggingFace, Cohere, and BentoML”完全无关"
12,Why similarity operator in best-practice,1,1,0,1,0,0,答案“being fixed too early”只截取后半句
13,Deployment adv/disadv HF vs Cohere,1,1,2,2,2,0,完美，直接命中 autonomy vs convenience
14,Why large-scale on stronger machine,0,1,0,1,0,0,答案“reduces manual configuration drift”错位
15,Four main deliverables,0,0,0,0,0,0,答案“raw document preparation”完全错位
16,Why include chunk/overlap in metadata,0,1,1,2,1,0,答案部分对，但不完整
17,Why BentoML as service layer not embedding,1,1,1,2,1,0,答案较完整，但未全覆盖说明
18,Benefits of storing text + vectors in OpenGauss,1,1,1,2,1,0,答案部分对，但不完整



================= Retrival Logs =================
Config: mark_200_50
Query: What role does OpenGauss play in a RetrievalQA pipeline?
Operator: <=>
Retrieval Time: 9.6906 seconds
== Rand 1: Distance/Score = 0.329345327016081 | Text = In a RetrievalQA pipeline, the database is not only responsible for storing original text chunks, but also for storing the embedding vectors that represent the semantic meaning of those chunks. 
== Rand 2: Distance/Score = 0.365273214113402 | Text = A typical RetrievalQA workflow contains several stages. The first stage is raw document preparation. 
== Rand 3: Distance/Score = 0.384691611838669 | Text = OpenGauss is an enterprise-grade relational database that can also be used as a vector store for retrieval-augmented generation systems. 
== Rand 4: Distance/Score = 0.402348153193445 | Text = HuggingFace, Cohere, and BentoML each play different roles in the system. OpenGauss provides the persistent vector storage and retrieval backbone. 
== Rand 5: Distance/Score = 0.409009848114353 | Text = This architecture makes it possible to build a complete retrieval and question answering workflow on top of a database system instead of relying only on an in-memory vector engine. 
Generate_Time: 3.919708013534546 seconds
Answer [1]: storing original text chunks, but also for storing the embedding vectors that represent the semantic meaning of those chunks
============================================
-- Connection to OpenGauss established sucessfully --
-- Generate query embedding with shape: torch.Size([768]) --
================= Retrival Logs =================
Config: mark_200_50
Query: Why must long source documents be divided into smaller chunks?
Operator: <=>
Retrieval Time: 0.3905 seconds
== Rand 1: Distance/Score = 0.311318284520323 | Text = These documents are often too long to be embedded directly, so they must be divided into smaller chunks. Chunking strategy has a direct influence on retrieval quality. 
== Rand 2: Distance/Score = 0.362532556388613 | Text = If chunks are too short, important context may be lost. If chunks are too long, retrieval may become noisy because a returned chunk can contain both relevant and irrelevant content. 
== Rand 3: Distance/Score = 0.367486723787093 | Text = The first stage is raw document preparation. Source documents may come from manuals, technical reports, markdown files, project notes, or deployment guides. 
== Rand 4: Distance/Score = 0.368467773879168 | Text = The first dimension is chunking strategy. Fixed-length chunking is simple and easy to reproduce, but sentence-based or punctuation-based chunking may better preserve semantic boundaries. 
== Rand 5: Distance/Score = 0.37019148786542 | Text = For example, a certain chunk size may work best for technical manuals, while a different overlap may help with fragmented deployment notes. 
Generate_Time: 0.3813204765319824 seconds
Answer [2]: To be embedded directly
============================================
-- Connection to OpenGauss established sucessfully --
-- Generate query embedding with shape: torch.Size([768]) --
================= Retrival Logs =================
Config: mark_200_50
Query: What are the two embedding sources mentioned in this project?
Operator: <=>
Retrieval Time: 0.3687 seconds
== Rand 1: Distance/Score = 0.381903832394768 | Text = The best configuration depends on the structure of the source document and the nature of the user queries. After chunking, the next stage is embedding generation. 
== Rand 2: Distance/Score = 0.394655341995869 | Text = This architecture makes it possible to build a complete retrieval and question answering workflow on top of a database system instead of relying only on an in-memory vector engine. 
== Rand 3: Distance/Score = 0.395045825599032 | Text = It also makes it easier to run controlled experiments because the retrieval result can be linked back to the exact preprocessing configuration used when the chunk was inserted into the database. 
== Rand 4: Distance/Score = 0.395327101086524 | Text = The second is Python example code that demonstrates document chunking, embedding insertion, vector retrieval, and end-to-end question answering. 
== Rand 5: Distance/Score = 0.398813759987102 | Text = The fourth is a community contribution package, such as a pull request or technical write-up, that makes the results reproducible for other developers interested in OpenGauss-based retrieval systems. 
Generate_Time: 1.06551194190979 seconds
Answer [3]: document chunking, embedding insertion, vector retrieval, and end-to-end question answering
============================================
-- Connection to OpenGauss established sucessfully --
-- Generate query embedding with shape: torch.Size([768]) --
================= Retrival Logs =================
Config: mark_200_50
Query: What does BentoML do in this project?
Operator: <=>
Retrieval Time: 0.3541 seconds
== Rand 1: Distance/Score = 0.352793388179296 | Text = BentoML turns the pipeline into a reusable service. 
== Rand 2: Distance/Score = 0.369281146845993 | Text = Therefore, both stages should be evaluated independently. BentoML can be used to package the retrieval and question answering logic as a deployable service. 
== Rand 3: Distance/Score = 0.379887124011479 | Text = In the context of this project, BentoML serves as the application service layer rather than as an embedding model itself. 
== Rand 4: Distance/Score = 0.41454899916759 | Text = Instead of exposing raw Python scripts, the engineer can define a service interface such as ask(query: str) and let BentoML handle model packaging, dependency management, and API serving. 
== Rand 5: Distance/Score = 0.436944895623062 | Text = Finally, the RK3568 deployment target introduces real-world constraints that force the system toward a minimal, stable, and well-justified implementation. 
Generate_Time: 0.5297648906707764 seconds
Answer [4]: turns the pipeline into a reusable service
============================================
-- Connection to OpenGauss established sucessfully --
-- Generate query embedding with shape: torch.Size([768]) --
================= Retrival Logs =================
Config: mark_200_50
Query: Why is RK3568 considered a resource-constrained edge device?
Operator: <=>
Retrieval Time: 0.3615 seconds
== Rand 1: Distance/Score = 0.297264061263693 | Text = The RK3568 platform is a typical resource-constrained edge device. 
== Rand 2: Distance/Score = 0.323164177871448 | Text = Finally, the RK3568 deployment target introduces real-world constraints that force the system toward a minimal, stable, and well-justified implementation. 
== Rand 3: Distance/Score = 0.352449082969353 | Text = The edge device then focuses on online query handling, vector retrieval, and lightweight response assembly. This division of labor reduces memory pressure and improves stability. 
== Rand 4: Distance/Score = 0.358169257509559 | Text = It also matches realistic edge deployment patterns where the edge node provides fast local search while heavy model computation remains centralized. 
== Rand 5: Distance/Score = 0.363734582010485 | Text = This reduces local computation pressure and can simplify deployment on lightweight edge devices, but it requires network access and external service credentials. 
Generate_Time: 0.3447756767272949 seconds
Answer [5]: real-world constraints
============================================
-- Connection to OpenGauss established sucessfully --
-- Generate query embedding with shape: torch.Size([768]) --
================= Retrival Logs =================
Config: mark_200_50
Query: What tasks should be completed on a stronger machine instead of the edge device?
Operator: <=>
Retrieval Time: 0.3574 seconds
== Rand 1: Distance/Score = 0.337402843937161 | Text = The edge device then focuses on online query handling, vector retrieval, and lightweight response assembly. This division of labor reduces memory pressure and improves stability. 
== Rand 2: Distance/Score = 0.358512121778604 | Text = This reduces local computation pressure and can simplify deployment on lightweight edge devices, but it requires network access and external service credentials. 
== Rand 3: Distance/Score = 0.361146651639179 | Text = Finally, the RK3568 deployment target introduces real-world constraints that force the system toward a minimal, stable, and well-justified implementation. 
== Rand 4: Distance/Score = 0.365202068339118 | Text = It also makes it easier to run controlled experiments because the retrieval result can be linked back to the exact preprocessing configuration used when the chunk was inserted into the database. 
== Rand 5: Distance/Score = 0.374190193012894 | Text = Conversely, a strong language model may sometimes produce a plausible answer even when retrieval is poor, which can hide defects in the retrieval layer. 
Generate_Time: 0.6593215465545654 seconds
Answer [6]: online query handling, vector retrieval, and lightweight response assembly
============================================
-- Connection to OpenGauss established sucessfully --
-- Generate query embedding with shape: torch.Size([768]) --
================= Retrival Logs =================
Config: mark_200_50
Query: What are the main differences between HuggingFace embeddings and Cohere embeddings?
Operator: <=>
Retrieval Time: 0.3617 seconds
== Rand 1: Distance/Score = 0.268383299399562 | Text = Therefore, choosing between HuggingFace and Cohere is not only a question of retrieval accuracy, but also a question of deployment constraints, response latency, operating cost, and system 
== Rand 2: Distance/Score = 0.270555833440777 | Text = Some should ask for comparisons, such as the difference between HuggingFace embeddings and Cohere embeddings. 
== Rand 3: Distance/Score = 0.308209999756053 | Text = HuggingFace models are suitable when local execution and offline control are important. 
== Rand 4: Distance/Score = 0.312414900399325 | Text = The second dimension is embedding backend. HuggingFace local embeddings provide more deployment autonomy, while Cohere embeddings may provide higher convenience or better hosted performance. 
== Rand 5: Distance/Score = 0.34496522193195 | Text = A local HuggingFace embedding model may be suitable for offline experimentation, while Cohere may be more practical for remote or hybrid deployments. 
Generate_Time: 1.3251738548278809 seconds
Answer [7]: HuggingFace local embeddings provide more deployment autonomy, while Cohere embeddings may provide higher convenience or better hosted performance
============================================
-- Connection to OpenGauss established sucessfully --
-- Generate query embedding with shape: torch.Size([768]) --
================= Retrival Logs =================
Config: mark_200_50
Query: Why should retrieval evaluation be separated from generation evaluation?
Operator: <=>
Retrieval Time: 0.3668 seconds
== Rand 1: Distance/Score = 0.294618532569528 | Text = A practical RetrievalQA system should separate retrieval evaluation from generation evaluation. Retrieval evaluation asks whether the database returns the correct or at least useful chunks. 
== Rand 2: Distance/Score = 0.320286732690849 | Text = Generation evaluation asks whether the final answer is correct, grounded, and sufficiently complete. 
== Rand 3: Distance/Score = 0.334861574130978 | Text = Retrieval experiments should compare not only whether the system returns the correct chunk, but also whether the returned ranking is stable across different query types. 
== Rand 4: Distance/Score = 0.336690815062374 | Text = Typical indicators include top-1 hit rate, top-3 hit rate, mean reciprocal rank, and average retrieval latency. 
== Rand 5: Distance/Score = 0.3618218844115 | Text = A typical RetrievalQA workflow contains several stages. The first stage is raw document preparation. 
Generate_Time: 0.8104665279388428 seconds
Answer [8]: retrieval evaluation asks whether the database returns the correct or at least useful chunks
============================================
-- Connection to OpenGauss established sucessfully --
-- Generate query embedding with shape: torch.Size([768]) --
================= Retrival Logs =================
Config: mark_200_50
Query: What dimensions should be tested systematically for best-practice exploration?
Operator: <=>
Retrieval Time: 0.4143 seconds
== Rand 1: Distance/Score = 0.292761590064762 | Text = These dimensions together form the basis of a best-practice report rather than isolated coding experiments. A good test knowledge base should support multiple question types. 
== Rand 2: Distance/Score = 0.310564849987453 | Text = This combination of system design, experimentation, and deployment reasoning is exactly what makes best-practice exploration meaningful. 
== Rand 3: Distance/Score = 0.346020897133243 | Text = Typical indicators include top-1 hit rate, top-3 hit rate, mean reciprocal rank, and average retrieval latency. 
== Rand 4: Distance/Score = 0.34816409134304 | Text = For this reason, similarity operator selection should be part of the best-practice exploration rather than being fixed too early. 
== Rand 5: Distance/Score = 0.353301656256644 | Text = For best-practice exploration, the project should test several dimensions systematically. The first dimension is chunking strategy. 
Generate_Time: 0.29564809799194336 seconds
Answer [9]: chunking strategy
============================================
-- Connection to OpenGauss established sucessfully --
-- Generate query embedding with shape: torch.Size([768]) --
================= Retrival Logs =================
Config: mark_200_50
Query: What is the recommended minimal solution for RK3568 according to the text?
Operator: <=>
Retrieval Time: 0.3583 seconds
== Rand 1: Distance/Score = 0.349227997836926 | Text = Finally, the RK3568 deployment target introduces real-world constraints that force the system toward a minimal, stable, and well-justified implementation. 
== Rand 2: Distance/Score = 0.365428747090794 | Text = Instead, the report should identify which configurations are recommended under which conditions. 
== Rand 3: Distance/Score = 0.411030993636222 | Text = Typical indicators include top-1 hit rate, top-3 hit rate, mean reciprocal rank, and average retrieval latency. 
== Rand 4: Distance/Score = 0.421905263093359 | Text = The third is a best-practice report that summarizes experiments, explains trade-offs, and recommends configurations for both standard Linux servers and AArch64 edge devices. 
== Rand 5: Distance/Score = 0.429327288423733 | Text = The fourth is a community contribution package, such as a pull request or technical write-up, that makes the results reproducible for other developers interested in OpenGauss-based retrieval systems. 
Generate_Time: 0.24820399284362793 seconds
Answer [10]: stable
============================================
-- Connection to OpenGauss established sucessfully --
-- Generate query embedding with shape: torch.Size([768]) --
================= Retrival Logs =================
Config: mark_200_50
Query: What metadata fields are recommended for the OpenGauss embedding table?
Operator: <=>
Retrieval Time: 0.3517 seconds
== Rand 1: Distance/Score = 0.277749399839632 | Text = OpenGauss is an enterprise-grade relational database that can also be used as a vector store for retrieval-augmented generation systems. 
== Rand 2: Distance/Score = 0.320400487651256 | Text = HuggingFace, Cohere, and BentoML each play different roles in the system. OpenGauss provides the persistent vector storage and retrieval backbone. 
== Rand 3: Distance/Score = 0.322256521826108 | Text = The best configuration depends on the structure of the source document and the nature of the user queries. After chunking, the next stage is embedding generation. 
== Rand 4: Distance/Score = 0.322471375088272 | Text = On RK3568, the recommended minimal solution may be to deploy OpenGauss and a lightweight service endpoint locally, while performing large-scale embedding generation on a separate machine. 
== Rand 5: Distance/Score = 0.331440335314995 | Text = However, model size, inference latency, and memory usage can become critical on resource-constrained devices. Cohere embeddings, in contrast, are generated by calling a remote API. 
Generate_Time: 0.7147719860076904 seconds
Answer [11]: HuggingFace, Cohere, and BentoML
============================================
-- Connection to OpenGauss established sucessfully --
-- Generate query embedding with shape: torch.Size([768]) --
================= Retrival Logs =================
Config: mark_200_50
Query: Why should similarity operator selection be included in best-practice exploration?
Operator: <=>
Retrieval Time: 0.3569 seconds
== Rand 1: Distance/Score = 0.228732924680018 | Text = For this reason, similarity operator selection should be part of the best-practice exploration rather than being fixed too early. 
== Rand 2: Distance/Score = 0.348511264964113 | Text = Typical indicators include top-1 hit rate, top-3 hit rate, mean reciprocal rank, and average retrieval latency. 
== Rand 3: Distance/Score = 0.351944381586559 | Text = Conversely, a strong language model may sometimes produce a plausible answer even when retrieval is poor, which can hide defects in the retrieval layer. 
== Rand 4: Distance/Score = 0.353083918728291 | Text = Therefore, choosing between HuggingFace and Cohere is not only a question of retrieval accuracy, but also a question of deployment constraints, response latency, operating cost, and system 
== Rand 5: Distance/Score = 0.356697564621039 | Text = These dimensions together form the basis of a best-practice report rather than isolated coding experiments. A good test knowledge base should support multiple question types. 
Generate_Time: 0.3626070022583008 seconds
Answer [12]: being fixed too early
============================================
-- Connection to OpenGauss established sucessfully --
-- Generate query embedding with shape: torch.Size([768]) --
================= Retrival Logs =================
Config: mark_200_50
Query: What are the deployment advantages and disadvantages of using HuggingFace local embeddings versus Cohere hosted embeddings?
Operator: <=>
Retrieval Time: 0.3539 seconds
== Rand 1: Distance/Score = 0.263588779808512 | Text = A local HuggingFace embedding model may be suitable for offline experimentation, while Cohere may be more practical for remote or hybrid deployments. 
== Rand 2: Distance/Score = 0.272397803159744 | Text = The second dimension is embedding backend. HuggingFace local embeddings provide more deployment autonomy, while Cohere embeddings may provide higher convenience or better hosted performance. 
== Rand 3: Distance/Score = 0.275253399449024 | Text = Therefore, choosing between HuggingFace and Cohere is not only a question of retrieval accuracy, but also a question of deployment constraints, response latency, operating cost, and system 
== Rand 4: Distance/Score = 0.28379876605143 | Text = HuggingFace models are suitable when local execution and offline control are important. 
== Rand 5: Distance/Score = 0.298955241218754 | Text = HuggingFace, Cohere, and BentoML each play different roles in the system. OpenGauss provides the persistent vector storage and retrieval backbone. 
Generate_Time: 1.3590073585510254 seconds
Answer [13]: HuggingFace local embeddings provide more deployment autonomy, while Cohere embeddings may provide higher convenience or better hosted performance
============================================
-- Connection to OpenGauss established sucessfully --
-- Generate query embedding with shape: torch.Size([768]) --
================= Retrival Logs =================
Config: mark_200_50
Query: Why does the project recommend performing large-scale document chunking, bulk embedding generation, and batch insertion on a stronger machine rather than on the RK3568 edge device?
Operator: <=>
Retrieval Time: 0.4188 seconds
== Rand 1: Distance/Score = 0.30945282860264 | Text = Finally, the RK3568 deployment target introduces real-world constraints that force the system toward a minimal, stable, and well-justified implementation. 
== Rand 2: Distance/Score = 0.316800565462866 | Text = This reduces local computation pressure and can simplify deployment on lightweight edge devices, but it requires network access and external service credentials. 
== Rand 3: Distance/Score = 0.31690674986074 | Text = The edge device then focuses on online query handling, vector retrieval, and lightweight response assembly. This division of labor reduces memory pressure and improves stability. 
== Rand 4: Distance/Score = 0.318790730963182 | Text = It also makes it easier to run controlled experiments because the retrieval result can be linked back to the exact preprocessing configuration used when the chunk was inserted into the database. 
== Rand 5: Distance/Score = 0.321855576251688 | Text = For deployment on AArch64 platforms, such as RK3568 boards, containerization becomes even more important because it reduces manual configuration drift across devices. 
Generate_Time: 0.5229840278625488 seconds
Answer [14]: reduces manual configuration drift across devices
============================================
-- Connection to OpenGauss established sucessfully --
-- Generate query embedding with shape: torch.Size([768]) --
================= Retrival Logs =================
Config: mark_200_50
Query: According to the text, what are the four main forms of deliverables that the final project output should include?
Operator: <=>
Retrieval Time: 0.3576 seconds
== Rand 1: Distance/Score = 0.293955901255181 | Text = Such conclusions are more valuable than raw benchmark tables because they can guide future engineering decisions. The final project output should include several forms of deliverables. 
== Rand 2: Distance/Score = 0.357443001895657 | Text = Therefore, the final deployment plan should distinguish between what is validated in a development environment and what is realistic on the target board. 
== Rand 3: Distance/Score = 0.36193799533498 | Text = Even in a prototype stage, a clean project structure with separate modules for chunking, embedding, database access, retrieval, and service packaging greatly improves maintainability. 
== Rand 4: Distance/Score = 0.372873741424701 | Text = The first stage is raw document preparation. Source documents may come from manuals, technical reports, markdown files, project notes, or deployment guides. 
== Rand 5: Distance/Score = 0.384473781153584 | Text = Finally, the RK3568 deployment target introduces real-world constraints that force the system toward a minimal, stable, and well-justified implementation. 
Generate_Time: 0.3353428840637207 seconds
Answer [15]: raw document preparation
============================================
-- Connection to OpenGauss established sucessfully --
-- Generate query embedding with shape: torch.Size([768]) --
================= Retrival Logs =================
Config: mark_200_50
Query: Why does the text suggest including both chunk size and overlap size in the metadata fields of the embedding table?
Operator: <=>
Retrieval Time: 0.3566 seconds
== Rand 1: Distance/Score = 0.295612563208219 | Text = For example, a certain chunk size may work best for technical manuals, while a different overlap may help with fragmented deployment notes. 
== Rand 2: Distance/Score = 0.29768022639858 | Text = Common choices include chunk sizes of one hundred, three hundred, or five hundred words or tokens, with overlaps ranging from zero to one hundred. 
== Rand 3: Distance/Score = 0.329962900697347 | Text = In practice, chunk size and chunk overlap should be treated as tunable parameters. 
== Rand 4: Distance/Score = 0.333579808183217 | Text = The first dimension is chunking strategy. Fixed-length chunking is simple and easy to reproduce, but sentence-based or punctuation-based chunking may better preserve semantic boundaries. 
== Rand 5: Distance/Score = 0.347590361846582 | Text = A practical table may include the original text content, the embedding vector, document identifier, chunk identifier, source file name, embedding model name, chunk size, overlap size, and creation 
Generate_Time: 0.7079646587371826 seconds
Answer [16]: chunk size and overlap should be treated as tunable parameters
============================================
-- Connection to OpenGauss established sucessfully --
-- Generate query embedding with shape: torch.Size([768]) --
================= Retrival Logs =================
Config: mark_200_50
Query: In this project, why does BentoML serve as the application service layer rather than as an embedding model itself?
Operator: <=>
Retrieval Time: 0.3585 seconds
== Rand 1: Distance/Score = 0.230559470139802 | Text = In the context of this project, BentoML serves as the application service layer rather than as an embedding model itself. 
== Rand 2: Distance/Score = 0.287870716684825 | Text = Instead of exposing raw Python scripts, the engineer can define a service interface such as ask(query: str) and let BentoML handle model packaging, dependency management, and API serving. 
== Rand 3: Distance/Score = 0.312616641056106 | Text = Therefore, both stages should be evaluated independently. BentoML can be used to package the retrieval and question answering logic as a deployable service. 
== Rand 4: Distance/Score = 0.315348188238772 | Text = The best configuration depends on the structure of the source document and the nature of the user queries. After chunking, the next stage is embedding generation. 
== Rand 5: Distance/Score = 0.326959158498394 | Text = However, model size, inference latency, and memory usage can become critical on resource-constrained devices. Cohere embeddings, in contrast, are generated by calling a remote API. 
Generate_Time: 1.7641122341156006 seconds
Answer [17]: Instead of exposing raw Python scripts, the engineer can define a service interface such as ask(query: str) and let BentoML handle model packaging, dependency management, and API serving
============================================
-- Connection to OpenGauss established sucessfully --
-- Generate query embedding with shape: torch.Size([768]) --
================= Retrival Logs =================
Config: mark_200_50
Query: What benefits does using OpenGauss provide by storing both the original text content and the embedding vectors in a RetrievalQA pipeline?
Operator: <=>
Retrieval Time: 0.3601 seconds
== Rand 1: Distance/Score = 0.273603919391005 | Text = In a RetrievalQA pipeline, the database is not only responsible for storing original text chunks, but also for storing the embedding vectors that represent the semantic meaning of those chunks. 
== Rand 2: Distance/Score = 0.291583229711464 | Text = OpenGauss is an enterprise-grade relational database that can also be used as a vector store for retrieval-augmented generation systems. 
== Rand 3: Distance/Score = 0.314758604960358 | Text = This architecture makes it possible to build a complete retrieval and question answering workflow on top of a database system instead of relying only on an in-memory vector engine. 
== Rand 4: Distance/Score = 0.32936000812802 | Text = A typical RetrievalQA workflow contains several stages. The first stage is raw document preparation. 
== Rand 5: Distance/Score = 0.331120342028461 | Text = HuggingFace, Cohere, and BentoML each play different roles in the system. OpenGauss provides the persistent vector storage and retrieval backbone. 
Generate_Time: 0.5396146774291992 seconds
Answer [18]: persistent vector storage and retrieval backbone
============================================